{
  "BEAUTY": {
    "months": [
      "2018-03",
      "2018-06",
      "2018-07",
      "2018-08"
    ],
    "installs": [
      5000,
      1000000,
      1000000,
      100000
    ],
    "pct_change": [
      null,
      19900.0,
      0.0,
      -90.0
    ],
    "high_growth_months": [
      "2018-06"
    ]
  },
  "BOOKS_AND_REFERENCE": {
    "months": [
      "2014-10",
      "2014-11",
      "2015-07",
      "2016-06",
      "2016-08",
      "2017-02",
      "2017-04",
      "2017-05",
      "2017-07",
      "2017-08",
      "2017-11",
      "2018-04",
      "2018-05",
      "2018-06",
      "2018-07",
      "2018-08"
    ],
    "installs": [
      500000,
      5000000,
      10000000,
      60000,
      100000,
      100000,
      1000000,
      100000,
      100000,
      10010000,
      2000000,
      1050000,
      40600000,
      47100000,
      101600000,
      110050000
    ],
    "pct_change": [
      null,
      900.0,
      100.0,
      -99.4,
      66.66666666666666,
      0.0,
      900.0,
      -90.0,
      0.0,
      9910.0,
      -80.01998001998003,
      -47.5,
      3766.6666666666665,
      16.00985221674877,
      115.71125265392782,
      8.316929133858268
    ],
    "high_growth_months": [
      "2014-11",
      "2015-07",
      "2016-08",
      "2017-04",
      "2017-08",
      "2018-05",
      "2018-07"
    ]
  },
  "BUSINESS": {
    "months": [
      "2014-05",
      "2015-09",
      "2016-02",
      "2016-03",
      "2017-09",
      "2017-11",
      "2017-12",
      "2018-02",
      "2018-05",
      "2018-06",
      "2018-07",
      "2018-08"
    ],
    "installs": [
      100000,
      100000,
      10000,
      1000000,
      1000000,
      500000,
      1001000,
      1000000,
      100000,
      15200000,
      11600000,
      115100000
    ],
    "pct_change": [
      null,
      0.0,
      -90.0,
      9900.0,
      0.0,
      -50.0,
      100.2,
      -0.0999000999000999,
      -90.0,
      15100.0,
      -23.684210526315788,
      892.2413793103449
    ],
    "high_growth_months": [
      "2016-03",
      "2017-12",
      "2018-06",
      "2018-08"
    ]
  },
  "COMICS": {
    "months": [
      "2017-03",
      "2018-05",
      "2018-07",
      "2018-08"
    ],
    "installs": [
      100000,
      100000,
      6000000,
      5050000
    ],
    "pct_change": [
      null,
      0.0,
      5900.0,
      -15.833333333333332
    ],
    "high_growth_months": [
      "2018-07"
    ]
  },
  "COMMUNICATION": {
    "months": [
      "2014-01",
      "2014-03",
      "2014-07",
      "2015-03",
      "2015-08",
      "2016-06",
      "2016-07",
      "2016-09",
      "2016-11",
      "2017-04",
      "2017-09",
      "2017-11",
      "2018-01",
      "2018-03",
      "2018-04",
      "2018-05",
      "2018-06",
      "2018-07",
      "2018-08"
    ],
    "installs": [
      100000,
      100000,
      10000000,
      1000000,
      2000000,
      1000000,
      110000,
      1000000,
      11000000,
      100000,
      50000,
      5000000,
      16000000,
      10100000,
      1000000,
      5000000,
      11100000,
      315730000,
      1298510000
    ],
    "pct_change": [
      null,
      0.0,
      9900.0,
      -90.0,
      100.0,
      -50.0,
      -89.0,
      809.0909090909091,
      1000.0,
      -99.0909090909091,
      -50.0,
      9900.0,
      220.00000000000003,
      -36.875,
      -90.0990099009901,
      400.0,
      122.0,
      2744.4144144144143,
      311.2722896145441
    ],
    "high_growth_months": [
      "2014-07",
      "2015-08",
      "2016-09",
      "2016-11",
      "2017-11",
      "2018-01",
      "2018-05",
      "2018-06",
      "2018-07",
      "2018-08"
    ]
  },
  "EDUCATION": {
    "months": [
      "2014-07",
      "2015-01",
      "2015-06",
      "2015-08",
      "2016-09",
      "2016-12",
      "2017-08",
      "2017-10",
      "2017-12",
      "2018-05",
      "2018-07",
      "2018-08"
    ],
    "installs": [
      10000,
      100000,
      1000000,
      1000000,
      1000000,
      100000,
      1000000,
      1000000,
      3000000,
      2100000,
      29600000,
      2000000
    ],
    "pct_change": [
      null,
      900.0,
      900.0,
      0.0,
      0.0,
      -90.0,
      900.0,
      0.0,
      200.0,
      -30.0,
      1309.5238095238094,
      -93.24324324324324
    ],
    "high_growth_months": [
      "2015-01",
      "2015-06",
      "2017-08",
      "2017-12",
      "2018-07"
    ]
  },
  "ENTERTAINMENT": {
    "months": [
      "2015-09",
      "2016-04",
      "2016-09",
      "2018-01",
      "2018-03",
      "2018-05",
      "2018-06",
      "2018-07",
      "2018-08"
    ],
    "installs": [
      1000000,
      10000000,
      10000000,
      20000000,
      10000000,
      6000000,
      21100000,
      380800000,
      67200000
    ],
    "pct_change": [
      null,
      900.0,
      0.0,
      100.0,
      -50.0,
      -40.0,
      251.66666666666666,
      1704.7393364928912,
      -82.35294117647058
    ],
    "high_growth_months": [
      "2016-04",
      "2018-01",
      "2018-06",
      "2018-07"
    ]
  },
  "EVENTS": {
    "months": [
      "2018-05",
      "2018-06",
      "2018-07"
    ],
    "installs": [
      10000,
      500000,
      1100000
    ],
    "pct_change": [
      null,
      4900.0,
      120.0
    ],
    "high_growth_months": [
      "2018-06",
      "2018-07"
    ]
  }
}